SINGLE,NAME,TRIPLET,CODON
G,Glycine,Gly,GGT
G,Glycine,Gly,GGC
G,Glycine,Gly,GGA
G,Glycine,Gly,GGG
A,Alanine,Ala,GCT
A,Alanine,Ala,GCC
A,Alanine,Ala,GCA
A,Alanine,Ala,GCG
L,Leucine,Leu,TTA
L,Leucine,Leu,TTG
L,Leucine,Leu,CTT
L,Leucine,Leu,CTC
L,Leucine,Leu,CTA
L,Leucine,Leu,CTG
M,Methionine,Met,ATG
F,Phenylalanine,Phe,TTT
F,Phenylalanine,Phe,TTC
W,Tryptophan,Trp,TGG
K,Lysine,Lys,AAA
K,Lysine,Lys,AAG
Q,Glutamine,Gln,CAA
Q,Glutamine,Gln,CAG
E,Glutamic Acid,Glu,GAA
E,Glutamic Acid,Glu,GAG
S,Serine,Ser,TCT
S,Serine,Ser,TCC
S,Serine,Ser,TCA
S,Serine,Ser,TCG
S,Serine,Ser,AGT
S,Serine,Ser,AGC
P,Proline,Pro,CCT
P,Proline,Pro,CCC
P,Proline,Pro,CCA
P,Proline,Pro,CCG
V,Valine,Val,GTT
V,Valine,Val,GTC
V,Valine,Val,GTA
V,Valine,Val,GTG
I,Isoleucine,Ile,ATT
I,Isoleucine,Ile,ATC
I,Isoleucine,Ile,ATA
C,Cysteine,Cys,TGT
C,Cysteine,Cys,TGC
Y,Tyrosine,Tyr,TAT
Y,Tyrosine,Tyr,TAC
H,Histidine,His,CAT
H,Histidine,His,CAC
R,Arginine,Arg,CGT
R,Arginine,Arg,CGC
R,Arginine,Arg,CGA
R,Arginine,Arg,CGG
R,Arginine,Arg,AGA
R,Arginine,Arg,AGG
N,Asparagine,Asn,AAT
N,Asparagine,Asn,AAC
D,Aspartic Acid,Asp,GAT
D,Aspartic Acid,Asp,GAC
T,Threonine,Thr,ACT
T,Threonine,Thr,ACC
T,Threonine,Thr,ACA
T,Threonine,Thr,ACG
