FIRST,SECOND,SCORE
Ser,Arg,110
Ser,Leu,145
Ser,Pro,74
Ser,Thr,58
Ser,Ala,99
Ser,Val,124
Ser,Gly,56
Ser,Ile,142
Ser,Phe,155
Ser,Tyr,144
Ser,Cys,112
Ser,His,89
Ser,Gln,68
Ser,Asn,46
Ser,Lys,121
Ser,Asp,65
Ser,Glu,80
Ser,Met,135
Ser,Trp,177
Arg,Arg,0
Arg,Leu,102
Arg,Pro,103
Arg,Thr,71
Arg,Ala,112
Arg,Val,96
Arg,Gly,125
Arg,Ile,97
Arg,Phe,97
Arg,Tyr,77
Arg,Cys,180
Arg,His,29
Arg,Gln,43
Arg,Asn,86
Arg,Lys,26
Arg,Asp,96
Arg,Glu,54
Arg,Met,91
Arg,Trp,101
Leu,Arg,102
Leu,Leu,0
Leu,Pro,98
Leu,Thr,92
Leu,Ala,96
Leu,Val,32
Leu,Gly,138
Leu,Ile,5
Leu,Phe,22
Leu,Tyr,36
Leu,Cys,198
Leu,His,99
Leu,Gln,113
Leu,Asn,153
Leu,Lys,107
Leu,Asp,172
Leu,Glu,138
Leu,Met,15
Leu,Trp,61
Pro,Arg,103
Pro,Leu,98
Pro,Pro,0
Pro,Thr,38
Pro,Ala,27
Pro,Val,68
Pro,Gly,42
Pro,Ile,95
Pro,Phe,114
Pro,Tyr,110
Pro,Cys,169
Pro,His,77
Pro,Gln,76
Pro,Asn,91
Pro,Lys,103
Pro,Asp,108
Pro,Glu,93
Pro,Met,87
Pro,Trp,147
Thr,Arg,71
Thr,Leu,92
Thr,Pro,38
Thr,Thr,0
Thr,Ala,58
Thr,Val,69
Thr,Gly,59
Thr,Ile,89
Thr,Phe,103
Thr,Tyr,92
Thr,Cys,149
Thr,His,47
Thr,Gln,42
Thr,Asn,65
Thr,Lys,78
Thr,Asp,85
Thr,Glu,65
Thr,Met,81
Thr,Trp,128
Ala,Arg,112
Ala,Leu,96
Ala,Pro,27
Ala,Thr,58
Ala,Ala,0
Ala,Val,64
Ala,Gly,60
Ala,Ile,94
Ala,Phe,113
Ala,Tyr,112
Ala,Cys,195
Ala,His,86
Ala,Gln,91
Ala,Asn,111
Ala,Lys,106
Ala,Asp,126
Ala,Glu,107
Ala,Met,84
Ala,Trp,148
Val,Arg,96
Val,Leu,32
Val,Pro,68
Val,Thr,69
Val,Ala,64
Val,Val,0
Val,Gly,109
Val,Ile,29
Val,Phe,50
Val,Tyr,55
Val,Cys,192
Val,His,84
Val,Gln,96
Val,Asn,133
Val,Lys,97
Val,Asp,152
Val,Glu,121
Val,Met,21
Val,Trp,88
Gly,Arg,125
Gly,Leu,138
Gly,Pro,42
Gly,Thr,59
Gly,Ala,60
Gly,Val,109
Gly,Gly,0
Gly,Ile,135
Gly,Phe,153
Gly,Tyr,147
Gly,Cys,159
Gly,His,98
Gly,Gln,87
Gly,Asn,80
Gly,Lys,127
Gly,Asp,94
Gly,Glu,98
Gly,Met,127
Gly,Trp,184
Ile,Arg,97
Ile,Leu,5
Ile,Pro,95
Ile,Thr,89
Ile,Ala,94
Ile,Val,29
Ile,Gly,135
Ile,Ile,0
Ile,Phe,21
Ile,Tyr,33
Ile,Cys,198
Ile,His,94
Ile,Gln,109
Ile,Asn,149
Ile,Lys,102
Ile,Asp,168
Ile,Glu,134
Ile,Met,10
Ile,Trp,61
Phe,Arg,97
Phe,Leu,22
Phe,Pro,114
Phe,Thr,103
Phe,Ala,113
Phe,Val,50
Phe,Gly,153
Phe,Ile,21
Phe,Phe,0
Phe,Tyr,22
Phe,Cys,205
Phe,His,100
Phe,Gln,116
Phe,Asn,158
Phe,Lys,102
Phe,Asp,177
Phe,Glu,140
Phe,Met,28
Phe,Trp,40
Tyr,Arg,77
Tyr,Leu,36
Tyr,Pro,110
Tyr,Thr,92
Tyr,Ala,112
Tyr,Val,55
Tyr,Gly,147
Tyr,Ile,33
Tyr,Phe,22
Tyr,Tyr,0
Tyr,Cys,194
Tyr,His,83
Tyr,Gln,99
Tyr,Asn,143
Tyr,Lys,85
Tyr,Asp,160
Tyr,Glu,122
Tyr,Met,36
Tyr,Trp,37
Cys,Arg,180
Cys,Leu,198
Cys,Pro,169
Cys,Thr,149
Cys,Ala,195
Cys,Val,192
Cys,Gly,159
Cys,Ile,198
Cys,Phe,205
Cys,Tyr,194
Cys,Cys,0
Cys,His,174
Cys,Gln,154
Cys,Asn,139
Cys,Lys,202
Cys,Asp,154
Cys,Glu,170
Cys,Met,196
Cys,Trp,215
His,Arg,29
His,Leu,99
His,Pro,77
His,Thr,47
His,Ala,86
His,Val,84
His,Gly,98
His,Ile,94
His,Phe,100
His,Tyr,83
His,Cys,174
His,His,0
His,Gln,24
His,Asn,68
His,Lys,32
His,Asp,81
His,Glu,40
His,Met,87
His,Trp,115
Gln,Arg,43
Gln,Leu,113
Gln,Pro,76
Gln,Thr,42
Gln,Ala,91
Gln,Val,96
Gln,Gly,87
Gln,Ile,109
Gln,Phe,116
Gln,Tyr,99
Gln,Cys,154
Gln,His,24
Gln,Gln,0
Gln,Asn,46
Gln,Lys,53
Gln,Asp,61
Gln,Glu,29
Gln,Met,101
Gln,Trp,130
Asn,Arg,86
Asn,Leu,153
Asn,Pro,91
Asn,Thr,65
Asn,Ala,111
Asn,Val,133
Asn,Gly,80
Asn,Ile,149
Asn,Phe,158
Asn,Tyr,143
Asn,Cys,139
Asn,His,68
Asn,Gln,46
Asn,Asn,0
Asn,Lys,94
Asn,Asp,23
Asn,Glu,42
Asn,Met,142
Asn,Trp,174
Lys,Arg,26
Lys,Leu,107
Lys,Pro,103
Lys,Thr,78
Lys,Ala,106
Lys,Val,97
Lys,Gly,127
Lys,Ile,102
Lys,Phe,102
Lys,Tyr,85
Lys,Cys,202
Lys,His,32
Lys,Gln,53
Lys,Asn,94
Lys,Lys,0
Lys,Asp,101
Lys,Glu,56
Lys,Met,95
Lys,Trp,110
Asp,Arg,96
Asp,Leu,172
Asp,Pro,108
Asp,Thr,85
Asp,Ala,126
Asp,Val,152
Asp,Gly,94
Asp,Ile,168
Asp,Phe,177
Asp,Tyr,160
Asp,Cys,154
Asp,His,81
Asp,Gln,61
Asp,Asn,23
Asp,Lys,101
Asp,Asp,0
Asp,Glu,45
Asp,Met,160
Asp,Trp,181
Glu,Arg,54
Glu,Leu,138
Glu,Pro,93
Glu,Thr,65
Glu,Ala,107
Glu,Val,121
Glu,Gly,98
Glu,Ile,134
Glu,Phe,140
Glu,Tyr,122
Glu,Cys,170
Glu,His,40
Glu,Gln,29
Glu,Asn,42
Glu,Lys,56
Glu,Asp,45
Glu,Glu,0
Glu,Met,126
Glu,Trp,152
Met,Arg,91
Met,Leu,15
Met,Pro,87
Met,Thr,81
Met,Ala,84
Met,Val,21
Met,Gly,127
Met,Ile,10
Met,Phe,28
Met,Tyr,36
Met,Cys,196
Met,His,87
Met,Gln,101
Met,Asn,142
Met,Lys,95
Met,Asp,160
Met,Glu,126
Met,Met,0
Met,Trp,67
Trp,Arg,101
Trp,Leu,61
Trp,Pro,147
Trp,Thr,128
Trp,Ala,148
Trp,Val,88
Trp,Gly,184
Trp,Ile,61
Trp,Phe,40
Trp,Tyr,37
Trp,Cys,215
Trp,His,115
Trp,Gln,130
Trp,Asn,174
Trp,Lys,110
Trp,Asp,181
Trp,Glu,152
Trp,Met,67
Trp,Trp,0
